<?xml version="1.0" encoding="UTF-8"?>
<root>
  <item name="com.alvarowolfx.androidthings.driver.bh1750.Bh1750 void setMode(int) 0">
    <annotation name="android.support.annotation.IntDef">
      <val name="value" val="{com.alvarowolfx.androidthings.driver.bh1750.Bh1750.POWER_DOWN, com.alvarowolfx.androidthings.driver.bh1750.Bh1750.POWER_ON}" />
    </annotation>
  </item>
  <item name="com.alvarowolfx.androidthings.driver.bh1750.Bh1750 void setResolution(int) 0">
    <annotation name="android.support.annotation.IntDef">
      <val name="value" val="{com.alvarowolfx.androidthings.driver.bh1750.Bh1750.CONTINUOUS_HIGH_RES_MODE, com.alvarowolfx.androidthings.driver.bh1750.Bh1750.CONTINUOUS_HIGH_RES_MODE_2, com.alvarowolfx.androidthings.driver.bh1750.Bh1750.CONTINUOUS_LOW_RES_MODE, com.alvarowolfx.androidthings.driver.bh1750.Bh1750.ONE_TIME_HIGH_RES_MODE, com.alvarowolfx.androidthings.driver.bh1750.Bh1750.ONE_TIME_HIGH_RES_MODE_2, com.alvarowolfx.androidthings.driver.bh1750.Bh1750.ONE_TIME_LOW_RES_MODE}" />
    </annotation>
  </item>
  <item name="com.alvarowolfx.androidthings.driver.bh1750.Bh1750.Mode">
    <annotation name="android.support.annotation.IntDef">
      <val name="value" val="{com.alvarowolfx.androidthings.driver.bh1750.Bh1750.POWER_DOWN, com.alvarowolfx.androidthings.driver.bh1750.Bh1750.POWER_ON}" />
    </annotation>
  </item>
  <item name="com.alvarowolfx.androidthings.driver.bh1750.Bh1750.Resolution">
    <annotation name="android.support.annotation.IntDef">
      <val name="value" val="{com.alvarowolfx.androidthings.driver.bh1750.Bh1750.CONTINUOUS_HIGH_RES_MODE, com.alvarowolfx.androidthings.driver.bh1750.Bh1750.CONTINUOUS_HIGH_RES_MODE_2, com.alvarowolfx.androidthings.driver.bh1750.Bh1750.CONTINUOUS_LOW_RES_MODE, com.alvarowolfx.androidthings.driver.bh1750.Bh1750.ONE_TIME_HIGH_RES_MODE, com.alvarowolfx.androidthings.driver.bh1750.Bh1750.ONE_TIME_HIGH_RES_MODE_2, com.alvarowolfx.androidthings.driver.bh1750.Bh1750.ONE_TIME_LOW_RES_MODE}" />
    </annotation>
  </item>
</root>

